<?xml version="1.0" encoding="UTF-8" standalone="yes"?>
<addon id="repository.qwarlock" name="Qwarlock Repository" provider-name="qwarlock" version="1.0.0">
  <extension point="xbmc.addon.repository" name="Qwarlock Repository">
    <dir>
      <info compressed="false">https://raw.githubusercontent.com/qwarlock/kodizips/main/addons.xml</info>
      <checksum>https://raw.githubusercontent.com/qwarlock/kodizips/main/addons.xml.md5</checksum>
      <datadir zip="true">https://raw.githubusercontent.com/qwarlock/kodizips/main/zips/</datadir>
    </dir>
  </extension>
  <extension point="xbmc.addon.metadata">
    <platform>all</platform>
    <description lang="en_GB">The Qwarlock Repository</description>
    <license></license>
    <language></language>
    <website></website>
    <news></news>
    <assets>
      <icon>icon.png</icon>
      <fanart>fanart.jpg</fanart>
    </assets> 
  </extension>
</addon>
